Listing ID,Listing Title,Nightly Price,Listing URL
99898968,A laid-back studio few minutes from Wrigley Field,$77,https://www.vrbo.com/3673968?chkin=2024-03-01&chkout=2024-03-05&d1=2024-03-01&d2=2024-03-05&startDate=2024-03-01&endDate=2024-03-05&x_pwa=1&rfrr=HSR&pwa_ts=1705045524442&referrerUrl=aHR0cHM6Ly93d3cudnJiby5jb20vSG90ZWwtU2VhcmNo&useRewards=true&adults=2&destination=73+W+Monroe+St%2C+Chicago%2C+IL+60603%2C+USA&destType=ADDRESS&neighborhoodId=178166&latLong=41.8804017%2C-87.63020379999999&privacyTrackingState=CAN_TRACK&searchId=d1342ebe-2e4c-4c8d-8838-a3967204a6f2&sort=RECOMMENDED&top_dp=77&top_cur=USD&userIntent=&selectedRoomType=99898968&selectedRatePlan=000436244b45e4e74d1baeafd13e06b597fb&expediaPropertyId=99898968
93827193,Large 4-Bedroom Upscale Apartment w/ Rooftop,$569,https://www.vrbo.com/3403944?chkin=2024-03-01&chkout=2024-03-05&d1=2024-03-01&d2=2024-03-05&startDate=2024-03-01&endDate=2024-03-05&x_pwa=1&rfrr=HSR&pwa_ts=1705045524442&referrerUrl=aHR0cHM6Ly93d3cudnJiby5jb20vSG90ZWwtU2VhcmNo&useRewards=true&adults=2&destination=73+W+Monroe+St%2C+Chicago%2C+IL+60603%2C+USA&destType=ADDRESS&neighborhoodId=6132439&latLong=41.8804017%2C-87.63020379999999&privacyTrackingState=CAN_TRACK&searchId=d1342ebe-2e4c-4c8d-8838-a3967204a6f2&sort=RECOMMENDED&top_dp=569&top_cur=USD&userIntent=&selectedRoomType=93827193&selectedRatePlan=0004c68cba9e8d3d46b588eb0fa2cbe3e90d&expediaPropertyId=93827193
94847587,Lincoln Park Mega Space 2 Parking Spaces Sleeps 20 by RedAwning,$644,https://www.vrbo.com/9832069ha?chkin=2024-03-01&chkout=2024-03-05&d1=2024-03-01&d2=2024-03-05&startDate=2024-03-01&endDate=2024-03-05&x_pwa=1&rfrr=HSR&pwa_ts=1705045524442&referrerUrl=aHR0cHM6Ly93d3cudnJiby5jb20vSG90ZWwtU2VhcmNo&useRewards=true&adults=2&destination=73+W+Monroe+St%2C+Chicago%2C+IL+60603%2C+USA&destType=ADDRESS&neighborhoodId=6059328&latLong=41.8804017%2C-87.63020379999999&privacyTrackingState=CAN_TRACK&searchId=d1342ebe-2e4c-4c8d-8838-a3967204a6f2&sort=RECOMMENDED&top_dp=644&top_cur=USD&userIntent=&selectedRoomType=94847587&selectedRatePlan=000078b3507415374cd88a7d76992befe548&expediaPropertyId=94847587
68538253,Sonder South Wabash | Queen Studio Apartment w/ City View,$143,https://www.vrbo.com/9578313ha?chkin=2024-03-01&chkout=2024-03-05&d1=2024-03-01&d2=2024-03-05&startDate=2024-03-01&endDate=2024-03-05&x_pwa=1&rfrr=HSR&pwa_ts=1705045524442&referrerUrl=aHR0cHM6Ly93d3cudnJiby5jb20vSG90ZWwtU2VhcmNo&useRewards=true&adults=2&destination=73+W+Monroe+St%2C+Chicago%2C+IL+60603%2C+USA&destType=ADDRESS&neighborhoodId=6130108&latLong=41.8804017%2C-87.63020379999999&privacyTrackingState=CAN_TRACK&searchId=d1342ebe-2e4c-4c8d-8838-a3967204a6f2&sort=RECOMMENDED&top_dp=143&top_cur=USD&userIntent=&selectedRoomType=68538253&selectedRatePlan=00008cffa7da52f44283a9ad92e3f646e052&expediaPropertyId=68538253
76569247,Large ultra modern 3BR/1BA near Univ of Chicago,$188,https://www.vrbo.com/2720184?chkin=2024-03-01&chkout=2024-03-05&d1=2024-03-01&d2=2024-03-05&startDate=2024-03-01&endDate=2024-03-05&x_pwa=1&rfrr=HSR&pwa_ts=1705045524442&referrerUrl=aHR0cHM6Ly93d3cudnJiby5jb20vSG90ZWwtU2VhcmNo&useRewards=true&adults=2&destination=73+W+Monroe+St%2C+Chicago%2C+IL+60603%2C+USA&destType=ADDRESS&neighborhoodId=6132422&latLong=41.8804017%2C-87.63020379999999&privacyTrackingState=CAN_TRACK&searchId=d1342ebe-2e4c-4c8d-8838-a3967204a6f2&sort=RECOMMENDED&top_dp=188&top_cur=USD&userIntent=&selectedRoomType=76569247&selectedRatePlan=000439568605c6744fd6a2310fb62b7b1dba&expediaPropertyId=76569247
68558814,Sonder South Wabash | Spacious Two-Bedroom Apartment w/ Balcony,$237,https://www.vrbo.com/9580011ha?chkin=2024-03-01&chkout=2024-03-05&d1=2024-03-01&d2=2024-03-05&startDate=2024-03-01&endDate=2024-03-05&x_pwa=1&rfrr=HSR&pwa_ts=1705045524442&referrerUrl=aHR0cHM6Ly93d3cudnJiby5jb20vSG90ZWwtU2VhcmNo&useRewards=true&adults=2&destination=73+W+Monroe+St%2C+Chicago%2C+IL+60603%2C+USA&destType=ADDRESS&neighborhoodId=6130108&latLong=41.8804017%2C-87.63020379999999&privacyTrackingState=CAN_TRACK&searchId=d1342ebe-2e4c-4c8d-8838-a3967204a6f2&sort=RECOMMENDED&top_dp=237&top_cur=USD&userIntent=&selectedRoomType=68558814&selectedRatePlan=000093650f5109db492b9ca4b9ddb3c651cd&expediaPropertyId=68558814
96834128,Legendary RIVER NORTH full apartment the HEART of CHICAGO ,$200,https://www.vrbo.com/3568018?chkin=2024-03-01&chkout=2024-03-05&d1=2024-03-01&d2=2024-03-05&startDate=2024-03-01&endDate=2024-03-05&x_pwa=1&rfrr=HSR&pwa_ts=1705045524446&referrerUrl=aHR0cHM6Ly93d3cudnJiby5jb20vSG90ZWwtU2VhcmNo&useRewards=true&adults=2&destination=73+W+Monroe+St%2C+Chicago%2C+IL+60603%2C+USA&destType=ADDRESS&neighborhoodId=6350699&latLong=41.8804017%2C-87.63020379999999&privacyTrackingState=CAN_TRACK&searchId=d1342ebe-2e4c-4c8d-8838-a3967204a6f2&sort=RECOMMENDED&top_dp=200&top_cur=USD&userIntent=&selectedRoomType=96834128&selectedRatePlan=0004471b6759acfb446f991bd535c449c18a&expediaPropertyId=96834128
18954957,"Luxury Loyola 3 Bedroom, 2 Bath, Near Subway and Beach",$178,https://www.vrbo.com/963119?chkin=2024-03-01&chkout=2024-03-05&d1=2024-03-01&d2=2024-03-05&startDate=2024-03-01&endDate=2024-03-05&x_pwa=1&rfrr=HSR&pwa_ts=1705045524446&referrerUrl=aHR0cHM6Ly93d3cudnJiby5jb20vSG90ZWwtU2VhcmNo&useRewards=true&adults=2&destination=73+W+Monroe+St%2C+Chicago%2C+IL+60603%2C+USA&destType=ADDRESS&neighborhoodId=6132293&latLong=41.8804017%2C-87.63020379999999&privacyTrackingState=CAN_TRACK&searchId=d1342ebe-2e4c-4c8d-8838-a3967204a6f2&sort=RECOMMENDED&top_dp=178&top_cur=USD&userIntent=&selectedRoomType=18954957&selectedRatePlan=00040bca5e43658a452e869f277b53eb2e30&expediaPropertyId=18954957
44809645,Nice and cozy aptartment in two unit building. 20min from the airport. Sleeps 5!,$99,https://www.vrbo.com/1840882?chkin=2024-03-01&chkout=2024-03-05&d1=2024-03-01&d2=2024-03-05&startDate=2024-03-01&endDate=2024-03-05&x_pwa=1&rfrr=HSR&pwa_ts=1705045524447&referrerUrl=aHR0cHM6Ly93d3cudnJiby5jb20vSG90ZWwtU2VhcmNo&useRewards=true&adults=2&destination=73+W+Monroe+St%2C+Chicago%2C+IL+60603%2C+USA&destType=ADDRESS&neighborhoodId=98520&latLong=41.8804017%2C-87.63020379999999&privacyTrackingState=CAN_TRACK&searchId=d1342ebe-2e4c-4c8d-8838-a3967204a6f2&sort=RECOMMENDED&top_dp=99&top_cur=USD&userIntent=&selectedRoomType=44809645&selectedRatePlan=0004e199a0e6ce864af69547ae1f61117347&expediaPropertyId=44809645
73563454,3BR/2.1BA TOWNHOUSE IN THE HEART OF WEST LOOP,$500,https://www.vrbo.com/2576519?chkin=2024-03-01&chkout=2024-03-05&d1=2024-03-01&d2=2024-03-05&startDate=2024-03-01&endDate=2024-03-05&x_pwa=1&rfrr=HSR&pwa_ts=1705045524447&referrerUrl=aHR0cHM6Ly93d3cudnJiby5jb20vSG90ZWwtU2VhcmNo&useRewards=true&adults=2&destination=73+W+Monroe+St%2C+Chicago%2C+IL+60603%2C+USA&destType=ADDRESS&neighborhoodId=6350699&latLong=41.8804017%2C-87.63020379999999&privacyTrackingState=CAN_TRACK&searchId=d1342ebe-2e4c-4c8d-8838-a3967204a6f2&sort=RECOMMENDED&top_dp=500&top_cur=USD&userIntent=&selectedRoomType=73563454&selectedRatePlan=00040cf6b1de4aa34832b9e9576a8e13a1ad&expediaPropertyId=73563454
88902487,"Prime Location - Close to Public Transit, Little Italy, the Medical District and UIC by RedAwning",$122,https://www.vrbo.com/9751744ha?chkin=2024-03-01&chkout=2024-03-05&d1=2024-03-01&d2=2024-03-05&startDate=2024-03-01&endDate=2024-03-05&x_pwa=1&rfrr=HSR&pwa_ts=1705045524449&referrerUrl=aHR0cHM6Ly93d3cudnJiby5jb20vSG90ZWwtU2VhcmNo&useRewards=true&adults=2&destination=73+W+Monroe+St%2C+Chicago%2C+IL+60603%2C+USA&destType=ADDRESS&neighborhoodId=6132434&latLong=41.8804017%2C-87.63020379999999&privacyTrackingState=CAN_TRACK&searchId=d1342ebe-2e4c-4c8d-8838-a3967204a6f2&sort=RECOMMENDED&top_dp=122&top_cur=USD&userIntent=&selectedRoomType=88902487&selectedRatePlan=00003e8a6e5c209446cbbded108b613ca1c5&expediaPropertyId=88902487
94992690,Pet-Friendly Urban Chicago Vacation Rental Condo,$145,https://www.vrbo.com/9833981ha?chkin=2024-03-01&chkout=2024-03-05&d1=2024-03-01&d2=2024-03-05&startDate=2024-03-01&endDate=2024-03-05&x_pwa=1&rfrr=HSR&pwa_ts=1705045524449&referrerUrl=aHR0cHM6Ly93d3cudnJiby5jb20vSG90ZWwtU2VhcmNo&useRewards=true&adults=2&destination=73+W+Monroe+St%2C+Chicago%2C+IL+60603%2C+USA&destType=ADDRESS&neighborhoodId=6132293&latLong=41.8804017%2C-87.63020379999999&privacyTrackingState=CAN_TRACK&searchId=d1342ebe-2e4c-4c8d-8838-a3967204a6f2&sort=RECOMMENDED&top_dp=145&top_cur=USD&userIntent=&selectedRoomType=94992690&selectedRatePlan=0000315b461aca4445398f2cee507c238eb1&expediaPropertyId=94992690
78768197,The Modern Wing: King Bed in Quiet and Safe Condo by McCormick Place and Midway!,$229,https://www.vrbo.com/2841453?chkin=2024-03-01&chkout=2024-03-05&d1=2024-03-01&d2=2024-03-05&startDate=2024-03-01&endDate=2024-03-05&x_pwa=1&rfrr=HSR&pwa_ts=1705045524449&referrerUrl=aHR0cHM6Ly93d3cudnJiby5jb20vSG90ZWwtU2VhcmNo&useRewards=true&adults=2&destination=73+W+Monroe+St%2C+Chicago%2C+IL+60603%2C+USA&destType=ADDRESS&neighborhoodId=171466&latLong=41.8804017%2C-87.63020379999999&privacyTrackingState=CAN_TRACK&searchId=d1342ebe-2e4c-4c8d-8838-a3967204a6f2&sort=RECOMMENDED&top_dp=229&top_cur=USD&userIntent=&selectedRoomType=78768197&selectedRatePlan=0004fac26ab13ee4418787ee94177d9ced56&expediaPropertyId=78768197
33968734,Unique And Amazing Gigantic Sunlit Loft ~ One Of A Kind ~ Excellent Location!,"$1,200",https://www.vrbo.com/603477?chkin=2024-03-01&chkout=2024-03-05&d1=2024-03-01&d2=2024-03-05&startDate=2024-03-01&endDate=2024-03-05&x_pwa=1&rfrr=HSR&pwa_ts=1705045524450&referrerUrl=aHR0cHM6Ly93d3cudnJiby5jb20vSG90ZWwtU2VhcmNo&useRewards=true&adults=2&destination=73+W+Monroe+St%2C+Chicago%2C+IL+60603%2C+USA&destType=ADDRESS&neighborhoodId=6132429&latLong=41.8804017%2C-87.63020379999999&privacyTrackingState=CAN_TRACK&searchId=d1342ebe-2e4c-4c8d-8838-a3967204a6f2&sort=RECOMMENDED&top_dp=1200&top_cur=USD&userIntent=&selectedRoomType=33968734&selectedRatePlan=0004501605b93ffe491aa28a9e50bc51c5e8&expediaPropertyId=33968734
21626312,Huge 5 BR Home // Private Yard // Walk Everywhere // Parking for 2 Cars,$699,https://www.vrbo.com/4783011ha?chkin=2024-03-01&chkout=2024-03-05&d1=2024-03-01&d2=2024-03-05&startDate=2024-03-01&endDate=2024-03-05&x_pwa=1&rfrr=HSR&pwa_ts=1705045524451&referrerUrl=aHR0cHM6Ly93d3cudnJiby5jb20vSG90ZWwtU2VhcmNo&useRewards=true&adults=2&destination=73+W+Monroe+St%2C+Chicago%2C+IL+60603%2C+USA&destType=ADDRESS&neighborhoodId=137043&latLong=41.8804017%2C-87.63020379999999&privacyTrackingState=CAN_TRACK&searchId=d1342ebe-2e4c-4c8d-8838-a3967204a6f2&sort=RECOMMENDED&top_dp=699&top_cur=USD&userIntent=&selectedRoomType=21626312&selectedRatePlan=0000a523d2db28194c259a5722f3f53de9ce&expediaPropertyId=21626312
83588935,Luxéry Stay South Loop - McCormick/WinTrust Area,$371,https://www.vrbo.com/2946586?chkin=2024-03-01&chkout=2024-03-05&d1=2024-03-01&d2=2024-03-05&startDate=2024-03-01&endDate=2024-03-05&x_pwa=1&rfrr=HSR&pwa_ts=1705045524451&referrerUrl=aHR0cHM6Ly93d3cudnJiby5jb20vSG90ZWwtU2VhcmNo&useRewards=true&adults=2&destination=73+W+Monroe+St%2C+Chicago%2C+IL+60603%2C+USA&destType=ADDRESS&neighborhoodId=6130108&latLong=41.8804017%2C-87.63020379999999&privacyTrackingState=CAN_TRACK&searchId=d1342ebe-2e4c-4c8d-8838-a3967204a6f2&sort=RECOMMENDED&top_dp=371&top_cur=USD&userIntent=&selectedRoomType=83588935&selectedRatePlan=000417ad0904ce544c02897d5eca5176b83f&expediaPropertyId=83588935
66900441,"4 #2N - 4 Bedroom / 4 Bath Condo - McCormick Place, Wintrust Arena, Chinatown",$410,https://www.vrbo.com/2285359?chkin=2024-03-01&chkout=2024-03-05&d1=2024-03-01&d2=2024-03-05&startDate=2024-03-01&endDate=2024-03-05&x_pwa=1&rfrr=HSR&pwa_ts=1705045524451&referrerUrl=aHR0cHM6Ly93d3cudnJiby5jb20vSG90ZWwtU2VhcmNo&useRewards=true&adults=2&destination=73+W+Monroe+St%2C+Chicago%2C+IL+60603%2C+USA&destType=ADDRESS&neighborhoodId=6132365&latLong=41.8804017%2C-87.63020379999999&privacyTrackingState=CAN_TRACK&searchId=d1342ebe-2e4c-4c8d-8838-a3967204a6f2&sort=RECOMMENDED&top_dp=410&top_cur=USD&userIntent=&selectedRoomType=66900441&selectedRatePlan=0004e213844674bd41bfadac9195610fa06c&expediaPropertyId=66900441
33413681,"Contemporary, elegantly styled spacious apartment with a lot to offer!!!!",$173,https://www.vrbo.com/7520858ha?chkin=2024-03-01&chkout=2024-03-05&d1=2024-03-01&d2=2024-03-05&startDate=2024-03-01&endDate=2024-03-05&x_pwa=1&rfrr=HSR&pwa_ts=1705045524453&referrerUrl=aHR0cHM6Ly93d3cudnJiby5jb20vSG90ZWwtU2VhcmNo&useRewards=true&adults=2&destination=73+W+Monroe+St%2C+Chicago%2C+IL+60603%2C+USA&destType=ADDRESS&neighborhoodId=6132439&latLong=41.8804017%2C-87.63020379999999&privacyTrackingState=CAN_TRACK&searchId=d1342ebe-2e4c-4c8d-8838-a3967204a6f2&sort=RECOMMENDED&top_dp=173&top_cur=USD&userIntent=&selectedRoomType=33413681&selectedRatePlan=000019dcc680ce464378bf20a3d55f2b1d81&expediaPropertyId=33413681
33548184,"Wrigleyville Condo, 1/2 block from Wrigley Field. Sleeps 10",$425,https://www.vrbo.com/4194027ha?chkin=2024-03-01&chkout=2024-03-05&d1=2024-03-01&d2=2024-03-05&startDate=2024-03-01&endDate=2024-03-05&x_pwa=1&rfrr=HSR&pwa_ts=1705045524454&referrerUrl=aHR0cHM6Ly93d3cudnJiby5jb20vSG90ZWwtU2VhcmNo&useRewards=true&adults=2&destination=73+W+Monroe+St%2C+Chicago%2C+IL+60603%2C+USA&destType=ADDRESS&neighborhoodId=178166&latLong=41.8804017%2C-87.63020379999999&privacyTrackingState=CAN_TRACK&searchId=d1342ebe-2e4c-4c8d-8838-a3967204a6f2&sort=RECOMMENDED&top_dp=425&top_cur=USD&userIntent=&selectedRoomType=33548184&selectedRatePlan=000014e60e013c394a21b5dd1891ee12d9a4&expediaPropertyId=33548184
71663147,Parking included and longer stays encouraged in Lincoln Park,$397,https://www.vrbo.com/2493948?chkin=2024-03-01&chkout=2024-03-05&d1=2024-03-01&d2=2024-03-05&startDate=2024-03-01&endDate=2024-03-05&x_pwa=1&rfrr=HSR&pwa_ts=1705045524455&referrerUrl=aHR0cHM6Ly93d3cudnJiby5jb20vSG90ZWwtU2VhcmNo&useRewards=true&adults=2&destination=73+W+Monroe+St%2C+Chicago%2C+IL+60603%2C+USA&destType=ADDRESS&neighborhoodId=6059328&latLong=41.8804017%2C-87.63020379999999&privacyTrackingState=CAN_TRACK&searchId=d1342ebe-2e4c-4c8d-8838-a3967204a6f2&sort=RECOMMENDED&top_dp=397&top_cur=USD&userIntent=&selectedRoomType=71663147&selectedRatePlan=0004e77ae40935bb462a983cb2aaa4164267&expediaPropertyId=71663147
95277394,Executive Versace Suite Downtown Chicago,$210,https://www.vrbo.com/3457156?chkin=2024-03-01&chkout=2024-03-05&d1=2024-03-01&d2=2024-03-05&startDate=2024-03-01&endDate=2024-03-05&x_pwa=1&rfrr=HSR&pwa_ts=1705045524455&referrerUrl=aHR0cHM6Ly93d3cudnJiby5jb20vSG90ZWwtU2VhcmNo&useRewards=true&adults=2&destination=73+W+Monroe+St%2C+Chicago%2C+IL+60603%2C+USA&destType=ADDRESS&neighborhoodId=6350699&latLong=41.8804017%2C-87.63020379999999&privacyTrackingState=CAN_TRACK&searchId=d1342ebe-2e4c-4c8d-8838-a3967204a6f2&sort=RECOMMENDED&top_dp=210&top_cur=USD&userIntent=&selectedRoomType=95277394&selectedRatePlan=00041d5769b4d32d4f2595f7ff477aa22886&expediaPropertyId=95277394
67544651,Kasa | Fresh & Bright Studio | River North Chicago,$164,https://www.vrbo.com/2309277?chkin=2024-03-01&chkout=2024-03-05&d1=2024-03-01&d2=2024-03-05&startDate=2024-03-01&endDate=2024-03-05&x_pwa=1&rfrr=HSR&pwa_ts=1705045524455&referrerUrl=aHR0cHM6Ly93d3cudnJiby5jb20vSG90ZWwtU2VhcmNo&useRewards=true&adults=2&destination=73+W+Monroe+St%2C+Chicago%2C+IL+60603%2C+USA&destType=ADDRESS&neighborhoodId=6350699&latLong=41.8804017%2C-87.63020379999999&privacyTrackingState=CAN_TRACK&searchId=d1342ebe-2e4c-4c8d-8838-a3967204a6f2&sort=RECOMMENDED&top_dp=164&top_cur=USD&userIntent=&selectedRoomType=67544651&selectedRatePlan=000420c3c5cd68e840b094734c364a184dcf&expediaPropertyId=67544651
72369096,"Kasa | Balcony Studio, Shopping & Dining Nearby | Chicago",$119,https://www.vrbo.com/2528319?chkin=2024-03-01&chkout=2024-03-05&d1=2024-03-01&d2=2024-03-05&startDate=2024-03-01&endDate=2024-03-05&x_pwa=1&rfrr=HSR&pwa_ts=1705045524455&referrerUrl=aHR0cHM6Ly93d3cudnJiby5jb20vSG90ZWwtU2VhcmNo&useRewards=true&adults=2&destination=73+W+Monroe+St%2C+Chicago%2C+IL+60603%2C+USA&destType=ADDRESS&neighborhoodId=6350699&latLong=41.8804017%2C-87.63020379999999&privacyTrackingState=CAN_TRACK&searchId=d1342ebe-2e4c-4c8d-8838-a3967204a6f2&sort=RECOMMENDED&top_dp=119&top_cur=USD&userIntent=&selectedRoomType=72369096&selectedRatePlan=0004ceaeb101008c479db0e7488bcc9c6049&expediaPropertyId=72369096
35133787,Luxurious Four-Level Home with Personal Touches Everywhere,"$1,263",https://www.vrbo.com/910358?chkin=2024-03-01&chkout=2024-03-05&d1=2024-03-01&d2=2024-03-05&startDate=2024-03-01&endDate=2024-03-05&x_pwa=1&rfrr=HSR&pwa_ts=1705045524455&referrerUrl=aHR0cHM6Ly93d3cudnJiby5jb20vSG90ZWwtU2VhcmNo&useRewards=true&adults=2&destination=73+W+Monroe+St%2C+Chicago%2C+IL+60603%2C+USA&destType=ADDRESS&neighborhoodId=178166&latLong=41.8804017%2C-87.63020379999999&privacyTrackingState=CAN_TRACK&searchId=d1342ebe-2e4c-4c8d-8838-a3967204a6f2&sort=RECOMMENDED&top_dp=1263&top_cur=USD&userIntent=&selectedRoomType=35133787&selectedRatePlan=000455692eb4b97149f3872056aa97f177bd&expediaPropertyId=35133787
34821849,Gorgeous 4 Bedroom with Pool Table steps from Wrigley Field Sleeps 9,$679,https://www.vrbo.com/4759401ha?chkin=2024-03-01&chkout=2024-03-05&d1=2024-03-01&d2=2024-03-05&startDate=2024-03-01&endDate=2024-03-05&x_pwa=1&rfrr=HSR&pwa_ts=1705045524458&referrerUrl=aHR0cHM6Ly93d3cudnJiby5jb20vSG90ZWwtU2VhcmNo&useRewards=true&adults=2&destination=73+W+Monroe+St%2C+Chicago%2C+IL+60603%2C+USA&destType=ADDRESS&neighborhoodId=6338684&latLong=41.8804017%2C-87.63020379999999&privacyTrackingState=CAN_TRACK&searchId=d1342ebe-2e4c-4c8d-8838-a3967204a6f2&sort=RECOMMENDED&top_dp=679&top_cur=USD&userIntent=&selectedRoomType=34821849&selectedRatePlan=00009c06bd664986401da491cabc591e88ef&expediaPropertyId=34821849
57155492,"Downtown Mich Ave, Grant Park VIEWS #10, Museums 2bd/2ba (+rooftop)",$186,https://www.vrbo.com/2032551?chkin=2024-03-01&chkout=2024-03-05&d1=2024-03-01&d2=2024-03-05&startDate=2024-03-01&endDate=2024-03-05&x_pwa=1&rfrr=HSR&pwa_ts=1705045524458&referrerUrl=aHR0cHM6Ly93d3cudnJiby5jb20vSG90ZWwtU2VhcmNo&useRewards=true&adults=2&destination=73+W+Monroe+St%2C+Chicago%2C+IL+60603%2C+USA&destType=ADDRESS&neighborhoodId=6130108&latLong=41.8804017%2C-87.63020379999999&privacyTrackingState=CAN_TRACK&searchId=d1342ebe-2e4c-4c8d-8838-a3967204a6f2&sort=RECOMMENDED&top_dp=186&top_cur=USD&userIntent=&selectedRoomType=57155492&selectedRatePlan=000411934a62fa9a423abbcbe497e7906b6e&expediaPropertyId=57155492
20178146,"Large, sunny 3 bedroom apartment two blocks from down town Oak Park. ",$196,https://www.vrbo.com/4729926ha?chkin=2024-03-01&chkout=2024-03-05&d1=2024-03-01&d2=2024-03-05&startDate=2024-03-01&endDate=2024-03-05&x_pwa=1&rfrr=HSR&pwa_ts=1705045524459&referrerUrl=aHR0cHM6Ly93d3cudnJiby5jb20vSG90ZWwtU2VhcmNo&useRewards=true&adults=2&destination=73+W+Monroe+St%2C+Chicago%2C+IL+60603%2C+USA&destType=ADDRESS&latLong=41.8804017%2C-87.63020379999999&privacyTrackingState=CAN_TRACK&searchId=d1342ebe-2e4c-4c8d-8838-a3967204a6f2&sort=RECOMMENDED&top_dp=196&top_cur=USD&userIntent=&selectedRoomType=20178146&selectedRatePlan=000024c45ae5028f4271ac728bc27668cbfc&expediaPropertyId=20178146
34447505,"Upgraded,Spacious 3 Bedroom Apartment.",$219,https://www.vrbo.com/7314644ha?chkin=2024-03-01&chkout=2024-03-05&d1=2024-03-01&d2=2024-03-05&startDate=2024-03-01&endDate=2024-03-05&x_pwa=1&rfrr=HSR&pwa_ts=1705045524460&referrerUrl=aHR0cHM6Ly93d3cudnJiby5jb20vSG90ZWwtU2VhcmNo&useRewards=true&adults=2&destination=73+W+Monroe+St%2C+Chicago%2C+IL+60603%2C+USA&destType=ADDRESS&neighborhoodId=6132333&latLong=41.8804017%2C-87.63020379999999&privacyTrackingState=CAN_TRACK&searchId=d1342ebe-2e4c-4c8d-8838-a3967204a6f2&sort=RECOMMENDED&top_dp=219&top_cur=USD&userIntent=&selectedRoomType=34447505&selectedRatePlan=0000f49009a1eada45bc9653521506979f23&expediaPropertyId=34447505
41935159,"Logan Square 2 BR/1 BA-modern, near METRA",$95,https://www.vrbo.com/7886159ha?chkin=2024-03-01&chkout=2024-03-05&d1=2024-03-01&d2=2024-03-05&startDate=2024-03-01&endDate=2024-03-05&x_pwa=1&rfrr=HSR&pwa_ts=1705045524460&referrerUrl=aHR0cHM6Ly93d3cudnJiby5jb20vSG90ZWwtU2VhcmNo&useRewards=true&adults=2&destination=73+W+Monroe+St%2C+Chicago%2C+IL+60603%2C+USA&destType=ADDRESS&neighborhoodId=6132429&latLong=41.8804017%2C-87.63020379999999&privacyTrackingState=CAN_TRACK&searchId=d1342ebe-2e4c-4c8d-8838-a3967204a6f2&sort=RECOMMENDED&top_dp=95&top_cur=USD&userIntent=&selectedRoomType=41935159&selectedRatePlan=0000e9db09640b0f4b32b82420d1d285e409&expediaPropertyId=41935159
90212173,Gorgeous 7BD Home,$395,https://www.vrbo.com/3179781?chkin=2024-03-01&chkout=2024-03-05&d1=2024-03-01&d2=2024-03-05&startDate=2024-03-01&endDate=2024-03-05&x_pwa=1&rfrr=HSR&pwa_ts=1705045524462&referrerUrl=aHR0cHM6Ly93d3cudnJiby5jb20vSG90ZWwtU2VhcmNo&useRewards=true&adults=2&destination=73+W+Monroe+St%2C+Chicago%2C+IL+60603%2C+USA&destType=ADDRESS&neighborhoodId=6132080&latLong=41.8804017%2C-87.63020379999999&privacyTrackingState=CAN_TRACK&searchId=d1342ebe-2e4c-4c8d-8838-a3967204a6f2&sort=RECOMMENDED&top_dp=395&top_cur=USD&userIntent=&selectedRoomType=90212173&selectedRatePlan=0004786d756e55e242d5bd7fe30288f58922&expediaPropertyId=90212173
94345929,Renovated Chicago coach house close to Lake Michigan!,$534,https://www.vrbo.com/3408371?chkin=2024-03-01&chkout=2024-03-05&d1=2024-03-01&d2=2024-03-05&startDate=2024-03-01&endDate=2024-03-05&x_pwa=1&rfrr=HSR&pwa_ts=1705045524463&referrerUrl=aHR0cHM6Ly93d3cudnJiby5jb20vSG90ZWwtU2VhcmNo&useRewards=true&adults=2&destination=73+W+Monroe+St%2C+Chicago%2C+IL+60603%2C+USA&destType=ADDRESS&neighborhoodId=6132293&latLong=41.8804017%2C-87.63020379999999&privacyTrackingState=CAN_TRACK&searchId=d1342ebe-2e4c-4c8d-8838-a3967204a6f2&sort=RECOMMENDED&top_dp=534&top_cur=USD&userIntent=&selectedRoomType=94345929&selectedRatePlan=00041f75ff750590485e8459585b8fce7112&expediaPropertyId=94345929
88996282,P3W Portage Park Modern Minimalist Studio Apartment,$82,https://www.vrbo.com/3102693?chkin=2024-03-01&chkout=2024-03-05&d1=2024-03-01&d2=2024-03-05&startDate=2024-03-01&endDate=2024-03-05&x_pwa=1&rfrr=HSR&pwa_ts=1705045524463&referrerUrl=aHR0cHM6Ly93d3cudnJiby5jb20vSG90ZWwtU2VhcmNo&useRewards=true&adults=2&destination=73+W+Monroe+St%2C+Chicago%2C+IL+60603%2C+USA&destType=ADDRESS&neighborhoodId=641769737079754752&latLong=41.8804017%2C-87.63020379999999&privacyTrackingState=CAN_TRACK&searchId=d1342ebe-2e4c-4c8d-8838-a3967204a6f2&sort=RECOMMENDED&top_dp=82&top_cur=USD&userIntent=&selectedRoomType=88996282&selectedRatePlan=000499781f0137384eaa8b9610580bbc9445&expediaPropertyId=88996282
88902260,Feel Comfy and Cozy at This Lovely Chi-Town Home Away from Home - 747 Lofts Cabin 308 by RedAwning,$101,https://www.vrbo.com/9751658ha?chkin=2024-03-01&chkout=2024-03-05&d1=2024-03-01&d2=2024-03-05&startDate=2024-03-01&endDate=2024-03-05&x_pwa=1&rfrr=HSR&pwa_ts=1705045524463&referrerUrl=aHR0cHM6Ly93d3cudnJiby5jb20vSG90ZWwtU2VhcmNo&useRewards=true&adults=2&destination=73+W+Monroe+St%2C+Chicago%2C+IL+60603%2C+USA&destType=ADDRESS&neighborhoodId=6132439&latLong=41.8804017%2C-87.63020379999999&privacyTrackingState=CAN_TRACK&searchId=d1342ebe-2e4c-4c8d-8838-a3967204a6f2&sort=RECOMMENDED&top_dp=101&top_cur=USD&userIntent=&selectedRoomType=88902260&selectedRatePlan=0000b5ecab4e265e48a386ab1551ab18245b&expediaPropertyId=88902260
90172546,"Gorgeous, Brand new, in amazing location - minutes from the beach!",$319,https://www.vrbo.com/3175086?chkin=2024-03-01&chkout=2024-03-05&d1=2024-03-01&d2=2024-03-05&startDate=2024-03-01&endDate=2024-03-05&x_pwa=1&rfrr=HSR&pwa_ts=1705045524464&referrerUrl=aHR0cHM6Ly93d3cudnJiby5jb20vSG90ZWwtU2VhcmNo&useRewards=true&adults=2&destination=73+W+Monroe+St%2C+Chicago%2C+IL+60603%2C+USA&destType=ADDRESS&neighborhoodId=6059328&latLong=41.8804017%2C-87.63020379999999&privacyTrackingState=CAN_TRACK&searchId=d1342ebe-2e4c-4c8d-8838-a3967204a6f2&sort=RECOMMENDED&top_dp=319&top_cur=USD&userIntent=&selectedRoomType=90172546&selectedRatePlan=0004d9cd1a34c40740f5bba598545ad73f16&expediaPropertyId=90172546
92623209,Luxurious McCormick Place 6 bed/3 bath Suite for groups with optional parking,$847,https://www.vrbo.com/3340333?chkin=2024-03-01&chkout=2024-03-05&d1=2024-03-01&d2=2024-03-05&startDate=2024-03-01&endDate=2024-03-05&x_pwa=1&rfrr=HSR&pwa_ts=1705045524464&referrerUrl=aHR0cHM6Ly93d3cudnJiby5jb20vSG90ZWwtU2VhcmNo&useRewards=true&adults=2&destination=73+W+Monroe+St%2C+Chicago%2C+IL+60603%2C+USA&destType=ADDRESS&neighborhoodId=6130108&latLong=41.8804017%2C-87.63020379999999&privacyTrackingState=CAN_TRACK&searchId=d1342ebe-2e4c-4c8d-8838-a3967204a6f2&sort=RECOMMENDED&top_dp=847&top_cur=USD&userIntent=&selectedRoomType=92623209&selectedRatePlan=00041ab607980ebb466fab1a15a8ce32be4b&expediaPropertyId=92623209
66471664,❤️ Stylish and Cozy 2BR in Logan Square!,$124,https://www.vrbo.com/2266546?chkin=2024-03-01&chkout=2024-03-05&d1=2024-03-01&d2=2024-03-05&startDate=2024-03-01&endDate=2024-03-05&x_pwa=1&rfrr=HSR&pwa_ts=1705045524465&referrerUrl=aHR0cHM6Ly93d3cudnJiby5jb20vSG90ZWwtU2VhcmNo&useRewards=true&adults=2&destination=73+W+Monroe+St%2C+Chicago%2C+IL+60603%2C+USA&destType=ADDRESS&neighborhoodId=6132429&latLong=41.8804017%2C-87.63020379999999&privacyTrackingState=CAN_TRACK&searchId=d1342ebe-2e4c-4c8d-8838-a3967204a6f2&sort=RECOMMENDED&top_dp=124&top_cur=USD&userIntent=&selectedRoomType=66471664&selectedRatePlan=00045da893fc416448bd8d5ef0ac0e74c342&expediaPropertyId=66471664
68049552,3 Bed 4 Bath on LSD With Panoramic Views of Chicago,"$1,000",https://www.vrbo.com/2324521?chkin=2024-03-01&chkout=2024-03-05&d1=2024-03-01&d2=2024-03-05&startDate=2024-03-01&endDate=2024-03-05&x_pwa=1&rfrr=HSR&pwa_ts=1705045524467&referrerUrl=aHR0cHM6Ly93d3cudnJiby5jb20vSG90ZWwtU2VhcmNo&useRewards=true&adults=2&destination=73+W+Monroe+St%2C+Chicago%2C+IL+60603%2C+USA&destType=ADDRESS&neighborhoodId=6350699&latLong=41.8804017%2C-87.63020379999999&privacyTrackingState=CAN_TRACK&searchId=d1342ebe-2e4c-4c8d-8838-a3967204a6f2&sort=RECOMMENDED&top_dp=1000&top_cur=USD&userIntent=&selectedRoomType=68049552&selectedRatePlan=0004fdfc6d93d00745c58b4851b817e89616&expediaPropertyId=68049552
90157907,Pilsen Apartment Near Downtown Chicago,$95,https://www.vrbo.com/3173682?chkin=2024-03-01&chkout=2024-03-05&d1=2024-03-01&d2=2024-03-05&startDate=2024-03-01&endDate=2024-03-05&x_pwa=1&rfrr=HSR&pwa_ts=1705045524467&referrerUrl=aHR0cHM6Ly93d3cudnJiby5jb20vSG90ZWwtU2VhcmNo&useRewards=true&adults=2&destination=73+W+Monroe+St%2C+Chicago%2C+IL+60603%2C+USA&destType=ADDRESS&neighborhoodId=6132386&latLong=41.8804017%2C-87.63020379999999&privacyTrackingState=CAN_TRACK&searchId=d1342ebe-2e4c-4c8d-8838-a3967204a6f2&sort=RECOMMENDED&top_dp=95&top_cur=USD&userIntent=&selectedRoomType=90157907&selectedRatePlan=000405eccb4b649a407685d2681083161399&expediaPropertyId=90157907
91290545,Comfy Avondale Flat - Sleeps 4,$133,https://www.vrbo.com/3253483?chkin=2024-03-01&chkout=2024-03-05&d1=2024-03-01&d2=2024-03-05&startDate=2024-03-01&endDate=2024-03-05&x_pwa=1&rfrr=HSR&pwa_ts=1705045524468&referrerUrl=aHR0cHM6Ly93d3cudnJiby5jb20vSG90ZWwtU2VhcmNo&useRewards=true&adults=2&destination=73+W+Monroe+St%2C+Chicago%2C+IL+60603%2C+USA&destType=ADDRESS&neighborhoodId=6132419&latLong=41.8804017%2C-87.63020379999999&privacyTrackingState=CAN_TRACK&searchId=d1342ebe-2e4c-4c8d-8838-a3967204a6f2&sort=RECOMMENDED&top_dp=133&top_cur=USD&userIntent=&selectedRoomType=91290545&selectedRatePlan=00042b8e553119ba40b398d6198b00a2b0c2&expediaPropertyId=91290545
88902501,"Spa Baths, In-Unit Laundry and Full Modern Kitchen - So Much More Than an Average Hotel Room! - 747 Lofts Cabin 302 by RedAwning",$99,https://www.vrbo.com/9751748ha?chkin=2024-03-01&chkout=2024-03-05&d1=2024-03-01&d2=2024-03-05&startDate=2024-03-01&endDate=2024-03-05&x_pwa=1&rfrr=HSR&pwa_ts=1705045524468&referrerUrl=aHR0cHM6Ly93d3cudnJiby5jb20vSG90ZWwtU2VhcmNo&useRewards=true&adults=2&destination=73+W+Monroe+St%2C+Chicago%2C+IL+60603%2C+USA&destType=ADDRESS&neighborhoodId=6132439&latLong=41.8804017%2C-87.63020379999999&privacyTrackingState=CAN_TRACK&searchId=d1342ebe-2e4c-4c8d-8838-a3967204a6f2&sort=RECOMMENDED&top_dp=99&top_cur=USD&userIntent=&selectedRoomType=88902501&selectedRatePlan=00004c71e12cc7fb4ff2acb576a1657a6237&expediaPropertyId=88902501
94688477,Top floor of Historic Oak Park Villa / 2 Car Grge,$227,https://www.vrbo.com/3415472?chkin=2024-03-01&chkout=2024-03-05&d1=2024-03-01&d2=2024-03-05&startDate=2024-03-01&endDate=2024-03-05&x_pwa=1&rfrr=HSR&pwa_ts=1705045524469&referrerUrl=aHR0cHM6Ly93d3cudnJiby5jb20vSG90ZWwtU2VhcmNo&useRewards=true&adults=2&destination=73+W+Monroe+St%2C+Chicago%2C+IL+60603%2C+USA&destType=ADDRESS&latLong=41.8804017%2C-87.63020379999999&privacyTrackingState=CAN_TRACK&searchId=d1342ebe-2e4c-4c8d-8838-a3967204a6f2&sort=RECOMMENDED&top_dp=227&top_cur=USD&userIntent=&selectedRoomType=94688477&selectedRatePlan=000457f92b850d174df98acd05fb9590cebc&expediaPropertyId=94688477
46153043,Contemporary 2BR Flat Right Next to Wrigley Field & Transit ❤️ Cubs!,$216,https://www.vrbo.com/9354143ha?chkin=2024-03-01&chkout=2024-03-05&d1=2024-03-01&d2=2024-03-05&startDate=2024-03-01&endDate=2024-03-05&x_pwa=1&rfrr=HSR&pwa_ts=1705045524469&referrerUrl=aHR0cHM6Ly93d3cudnJiby5jb20vSG90ZWwtU2VhcmNo&useRewards=true&adults=2&destination=73+W+Monroe+St%2C+Chicago%2C+IL+60603%2C+USA&destType=ADDRESS&neighborhoodId=178166&latLong=41.8804017%2C-87.63020379999999&privacyTrackingState=CAN_TRACK&searchId=d1342ebe-2e4c-4c8d-8838-a3967204a6f2&sort=RECOMMENDED&top_dp=216&top_cur=USD&userIntent=&selectedRoomType=46153043&selectedRatePlan=0000855506162a6944768ee88440aeda4a22&expediaPropertyId=46153043
27138010,"Cozy Portage Park Furnished Apt, Free Parking, Dogs, Kids, Quiet & 420 Compliant",$97,https://www.vrbo.com/4738665ha?chkin=2024-03-01&chkout=2024-03-05&d1=2024-03-01&d2=2024-03-05&startDate=2024-03-01&endDate=2024-03-05&x_pwa=1&rfrr=HSR&pwa_ts=1705045524470&referrerUrl=aHR0cHM6Ly93d3cudnJiby5jb20vSG90ZWwtU2VhcmNo&useRewards=true&adults=2&destination=73+W+Monroe+St%2C+Chicago%2C+IL+60603%2C+USA&destType=ADDRESS&neighborhoodId=641769737079754752&latLong=41.8804017%2C-87.63020379999999&privacyTrackingState=CAN_TRACK&searchId=d1342ebe-2e4c-4c8d-8838-a3967204a6f2&sort=RECOMMENDED&top_dp=97&top_cur=USD&userIntent=&selectedRoomType=27138010&selectedRatePlan=0000dc23e157981c4766bcfb64bf53bc6138&expediaPropertyId=27138010
78073372,"Minutes from Downtown Gorgeous ,spacious 2BD/ 1BA w/ Parking",$224,https://www.vrbo.com/2785981?chkin=2024-03-01&chkout=2024-03-05&d1=2024-03-01&d2=2024-03-05&startDate=2024-03-01&endDate=2024-03-05&x_pwa=1&rfrr=HSR&pwa_ts=1705045524471&referrerUrl=aHR0cHM6Ly93d3cudnJiby5jb20vSG90ZWwtU2VhcmNo&useRewards=true&adults=2&destination=73+W+Monroe+St%2C+Chicago%2C+IL+60603%2C+USA&destType=ADDRESS&neighborhoodId=641768680460484608&latLong=41.8804017%2C-87.63020379999999&privacyTrackingState=CAN_TRACK&searchId=d1342ebe-2e4c-4c8d-8838-a3967204a6f2&sort=RECOMMENDED&top_dp=224&top_cur=USD&userIntent=&selectedRoomType=78073372&selectedRatePlan=0004b2f08dc1b391403a918e67bfba7896e1&expediaPropertyId=78073372
60915232,Downtown Chicago Studio in Prime Location,$131,https://www.vrbo.com/10789619ha?chkin=2024-03-01&chkout=2024-03-05&d1=2024-03-01&d2=2024-03-05&startDate=2024-03-01&endDate=2024-03-05&x_pwa=1&rfrr=HSR&pwa_ts=1705045524472&referrerUrl=aHR0cHM6Ly93d3cudnJiby5jb20vSG90ZWwtU2VhcmNo&useRewards=true&adults=2&destination=73+W+Monroe+St%2C+Chicago%2C+IL+60603%2C+USA&destType=ADDRESS&neighborhoodId=6350699&latLong=41.8804017%2C-87.63020379999999&privacyTrackingState=CAN_TRACK&searchId=d1342ebe-2e4c-4c8d-8838-a3967204a6f2&sort=RECOMMENDED&top_dp=131&top_cur=USD&userIntent=&selectedRoomType=60915232&selectedRatePlan=00014b08c6fdf64148818ce282918a0831fc&expediaPropertyId=60915232
77987740,Chicago Bootlegger House Sleeps 11-22 on Lake Michigan,$547,https://www.vrbo.com/2779421?chkin=2024-03-01&chkout=2024-03-05&d1=2024-03-01&d2=2024-03-05&startDate=2024-03-01&endDate=2024-03-05&x_pwa=1&rfrr=HSR&pwa_ts=1705045524472&referrerUrl=aHR0cHM6Ly93d3cudnJiby5jb20vSG90ZWwtU2VhcmNo&useRewards=true&adults=2&destination=73+W+Monroe+St%2C+Chicago%2C+IL+60603%2C+USA&destType=ADDRESS&neighborhoodId=178166&latLong=41.8804017%2C-87.63020379999999&privacyTrackingState=CAN_TRACK&searchId=d1342ebe-2e4c-4c8d-8838-a3967204a6f2&sort=RECOMMENDED&top_dp=547&top_cur=USD&userIntent=&selectedRoomType=77987740&selectedRatePlan=00042a870adc48d94e73a7003b336599e030&expediaPropertyId=77987740
74437549,5 Bedroom Wrigleyville experience right by stadium,$349,https://www.vrbo.com/2614320?chkin=2024-03-01&chkout=2024-03-05&d1=2024-03-01&d2=2024-03-05&startDate=2024-03-01&endDate=2024-03-05&x_pwa=1&rfrr=HSR&pwa_ts=1705045524473&referrerUrl=aHR0cHM6Ly93d3cudnJiby5jb20vSG90ZWwtU2VhcmNo&useRewards=true&adults=2&destination=73+W+Monroe+St%2C+Chicago%2C+IL+60603%2C+USA&destType=ADDRESS&neighborhoodId=6338684&latLong=41.8804017%2C-87.63020379999999&privacyTrackingState=CAN_TRACK&searchId=d1342ebe-2e4c-4c8d-8838-a3967204a6f2&sort=RECOMMENDED&top_dp=349&top_cur=USD&userIntent=&selectedRoomType=74437549&selectedRatePlan=0004a15c1074f13e4a8385fa63ea387bbb82&expediaPropertyId=74437549
84168762,"Penthouse, Lux stay near Downtown, McComick Place, Hyde Park  & Lake",$255,https://www.vrbo.com/2990507?chkin=2024-03-01&chkout=2024-03-05&d1=2024-03-01&d2=2024-03-05&startDate=2024-03-01&endDate=2024-03-05&x_pwa=1&rfrr=HSR&pwa_ts=1705045524475&referrerUrl=aHR0cHM6Ly93d3cudnJiby5jb20vSG90ZWwtU2VhcmNo&useRewards=true&adults=2&destination=73+W+Monroe+St%2C+Chicago%2C+IL+60603%2C+USA&destType=ADDRESS&neighborhoodId=6132343&latLong=41.8804017%2C-87.63020379999999&privacyTrackingState=CAN_TRACK&searchId=d1342ebe-2e4c-4c8d-8838-a3967204a6f2&sort=RECOMMENDED&top_dp=255&top_cur=USD&userIntent=&selectedRoomType=84168762&selectedRatePlan=0004b1eae14d596a4cc9b62d0edcced1472b&expediaPropertyId=84168762
76547281,Chicago FHS Rental - Narragansett,$374,https://www.vrbo.com/2717966?chkin=2024-03-01&chkout=2024-03-05&d1=2024-03-01&d2=2024-03-05&startDate=2024-03-01&endDate=2024-03-05&x_pwa=1&rfrr=HSR&pwa_ts=1705045524475&referrerUrl=aHR0cHM6Ly93d3cudnJiby5jb20vSG90ZWwtU2VhcmNo&useRewards=true&adults=2&destination=73+W+Monroe+St%2C+Chicago%2C+IL+60603%2C+USA&destType=ADDRESS&latLong=41.8804017%2C-87.63020379999999&privacyTrackingState=CAN_TRACK&searchId=d1342ebe-2e4c-4c8d-8838-a3967204a6f2&sort=RECOMMENDED&top_dp=374&top_cur=USD&userIntent=&selectedRoomType=76547281&selectedRatePlan=00048081289c1e74412d9c9ea30eb4ea5cc1&expediaPropertyId=76547281
92715886,Group Vacation! 2 Spacious Units Near Oak Street Beach! Onsite Parking!,$337,https://www.vrbo.com/3343623?chkin=2024-03-01&chkout=2024-03-05&d1=2024-03-01&d2=2024-03-05&startDate=2024-03-01&endDate=2024-03-05&x_pwa=1&rfrr=HSR&pwa_ts=1705045524443&referrerUrl=aHR0cHM6Ly93d3cudnJiby5jb20vSG90ZWwtU2VhcmNo&useRewards=true&adults=2&destination=73+W+Monroe+St%2C+Chicago%2C+IL+60603%2C+USA&destType=ADDRESS&neighborhoodId=6350699&latLong=41.8804017%2C-87.63020379999999&privacyTrackingState=CAN_TRACK&searchId=d1342ebe-2e4c-4c8d-8838-a3967204a6f2&sort=RECOMMENDED&top_dp=337&top_cur=USD&userIntent=&selectedRoomType=92715886&selectedRatePlan=000415a003e199e74855a3c59a45cf2e932a&expediaPropertyId=92715886
